timestamp,username,feedback,rating
2023-08-08 10:00:00,@TechEnthusiast,"The new telecom product offers amazing connectivity and lightning-fast speeds. I'm thoroughly impressed!",5
2023-08-08 10:15:00,@GadgetGuru,"The new telecom product is a game-changer! It's made my online gaming experience so much smoother and lag-free.",4
2023-08-08 10:30:00,@FrequentCaller,"I've noticed a significant improvement in call quality and signal strength with the new telecom product. Great job!",4.5
2023-08-08 10:45:00,@BusinessOwner,"The new product has enhanced our business operations by providing reliable internet for all our devices. A must-have for any office.",5
2023-08-08 11:00:00,@DigitalNomad,"As a digital nomad, I rely on consistent internet wherever I go. The new telecom product has kept me connected no matter where I am!",4.5
2023-08-08 11:15:00,@ConcernedUser,"While the new product offers good speeds, I experienced occasional dropouts in my connection. Hoping for a fix soon.",3
2023-08-08 11:30:00,@SocialMediaAddict,"Streaming videos and uploading content has never been smoother. The new telecom product has improved my online presence!",5
2023-08-08 11:45:00,@BudgetShopper,"The new telecom product is fantastic, but the pricing seems a bit steep. I'd love to see more affordable options.",4
2023-08-08 12:00:00,@TechNovice,"I was hesitant at first, but the setup process was surprisingly easy. The new telecom product is user-friendly even for beginners like me.",4.5
2023-08-08 12:15:00,@PowerUser,"I heavily rely on fast internet for my work, and the new product has exceeded my expectations. It's a definite upgrade.",5